university_id,overall rank,overall score
1,13,89.3
2,879,
3,916,
4,852,
5,142,52.1
6,733,
7,513,22.8
8,11,90.3
9,1101,
10,631,
11,405,27.6
12,1293,
13,658,
14,496,23.4
15,683,
16,833,
17,114,57.4
18,632,
19,156,50.5
20,923,
21,19,86.7
22,846,
23,1025,
24,1372,
25,454,25.5
26,773,
27,484,23.9
28,461,25.1
29,1010,
30,649,
31,212,44.2
32,208,44.6
33,223,42.5
34,3,98.9
35,143,52.0
36,167,49.6
37,577,20.6
38,197,46.2
39,110,58.6
40,723,
41,473,24.6
42,535,22.1
43,69,67.9
44,583,20.3
45,622,
46,1006,
47,659,
48,276,37.0
49,1486,
50,56,72.2
51,14,87.9
52,193,46.7
53,395,28.2
54,1382,
55,1085,
56,709,
57,230,41.6
58,277,37.0
59,17,87.0
60,1126,
61,1171,
62,1201,
63,795,
64,55,72.4
65,584,20.3
66,812,
67,315,33.5
68,654,
69,241,40.5
70,18,87.0
71,634,
72,178,48.5
73,564,21.0
74,894,
75,1222,
76,141,52.1
77,1317,
78,147,51.9
79,772,
80,336,32.3
81,1113,
82,714,
83,627,
84,402,27.9
85,196,46.4
86,346,31.5
87,851,
88,117,56.9
89,689,
90,1117,
91,245,39.8
92,354,31.1
93,629,
94,279,36.9
95,514,22.8
96,407,27.6
97,668,
98,787,
99,536,22.0
100,509,23.0
101,6,97.8
102,840,
103,838,
104,955,
105,926,
106,1047,
107,915,
108,95,61.0
109,588,20.2
110,1019,
111,950,
112,1231,
113,604,
114,747,
115,293,35.7
116,963,
117,339,32.2
118,1086,
119,104,59.7
120,218,43.1
121,164,49.7
122,239,40.6
123,1353,
124,1081,
125,1476,
126,834,
127,986,
128,485,23.9
129,490,23.7
130,706,
131,27,84.5
132,133,53.2
133,130,54.0
134,996,
135,122,56.2
136,569,20.8
137,872,
138,1404,
139,72,66.9
140,1154,
141,233,41.3
142,859,
143,1330,
144,137,52.6
145,551,21.4
146,656,
147,988,
148,1152,
149,780,
150,184,47.8
151,330,32.6
152,60,71.1
153,642,
154,806,
155,764,
156,92,61.6
157,109,58.7
158,731,
159,1034,
160,70,67.7
161,191,46.8
162,1102,
163,794,
164,1123,
165,460,25.2
166,1389,
167,477,24.4
168,519,22.7
169,745,
170,9,92.4
171,338,32.2
172,807,
173,580,20.5
174,938,
175,2,99.2
176,1139,
177,653,
178,35,81.5
179,93,61.4
180,1046,
181,105,59.4
182,562,21.1
183,643,
184,705,
185,720,
186,735,
187,749,
188,1242,
189,1385,
190,177,48.5
191,995,
192,1454,
193,494,23.5
194,32,82.2
195,58,71.8
196,1134,
197,1121,
198,304,34.3
199,278,36.9
200,334,32.5
201,650,
202,21,86.3
203,419,26.9
204,498,23.4
205,885,
206,977,
207,575,20.7
208,469,24.7
209,675,
210,1453,
211,313,33.7
212,283,36.5
213,495,23.5
214,209,44.5
215,566,20.9
216,10,90.4
217,603,
218,567,20.9
219,1452,
220,561,21.1
221,502,23.2
222,788,
223,211,44.3
224,152,51.3
225,1056,
226,1090,
227,868,
228,392,28.3
229,557,21.2
230,1151,
231,673,
232,426,26.7
233,1450,
234,648,
235,254,38.9
236,1074,
237,238,40.9
238,360,30.8
239,25,84.9
240,1250,
241,261,38.4
242,1198,
243,1329,
244,123,55.7
245,478,24.3
246,287,36.1
247,1064,
248,1143,
249,39,79.5
250,873,
251,409,27.4
252,796,
253,85,62.8
254,376,29.5
255,377,29.5
256,247,39.7
257,342,32.1
258,349,31.4
259,670,
260,927,
261,475,24.4
262,837,
263,1170,
264,1063,
265,542,21.8
266,57,72.0
267,381,29.2
268,742,
269,393,28.2
270,882,
271,901,
272,524,22.6
273,420,26.8
274,437,26.0
275,730,
276,762,
277,841,
278,623,
279,829,
280,269,37.5
281,1269,
282,78,65.1
283,99,60.7
284,213,44.1
285,40,79.3
286,228,41.8
287,264,37.9
288,1393,
289,362,30.7
290,881,
291,199,46.0
292,1140,
293,374,29.9
294,1204,
295,641,
296,325,32.8
297,800,
298,387,28.4
299,289,36.0
300,506,23.1
301,368,30.2
302,1138,
303,715,
304,106,59.3
305,31,83.7
306,243,40.1
307,540,21.9
308,445,25.9
309,1,100.0
310,428,26.5
311,205,45.1
312,413,27.2
313,518,22.7
314,818,
315,296,35.4
316,166,49.7
317,399,28.1
318,1075,
319,982,
320,579,20.5
321,1380,
322,804,
323,1055,
324,1150,
325,262,38.1
326,236,41.1
327,411,27.2
328,652,
329,560,21.1
330,869,
331,1319,
332,216,43.5
333,531,22.2
334,145,51.9
335,755,
336,297,35.3
337,1180,
338,367,30.3
339,433,26.2
340,985,
341,1449,
342,345,31.6
343,91,61.6
344,33,81.7
345,619,
346,317,33.4
347,1135,
348,50,74.4
349,814,
350,999,
351,412,27.2
352,158,50.4
353,333,32.5
354,1310,
355,510,23.0
356,1004,
357,687,
358,582,20.4
359,944,
360,981,
361,59,71.7
362,140,52.4
363,660,
364,421,26.8
365,1332,
366,185,47.6
367,369,30.1
368,611,
369,946,
370,1013,
371,48,76.2
372,522,22.6
373,180,48.1
374,1032,
375,1033,
376,1323,
377,280,36.8
378,591,20.1
379,708,
380,1163,
381,726,
382,384,29.0
383,5,98.1
384,414,27.1
385,616,
386,463,24.9
387,681,
388,601,19.8
389,1091,
390,323,33.0
391,260,38.5
392,669,
393,148,51.8
394,37,80.0
395,249,39.6
396,394,28.2
397,811,
398,799,
399,422,26.7
400,310,33.9
401,984,
402,447,25.8
403,1009,
404,201,45.9
405,960,
406,798,
407,964,
408,854,
409,15,87.8
410,529,22.3
411,920,
412,23,85.9
413,138,52.6
414,379,29.5
415,850,
416,1193,
417,328,32.7
418,235,41.2
419,725,
420,898,
421,1312,
422,1042,
423,597,19.9
424,776,
425,959,
426,159,50.2
427,474,24.5
428,520,22.7
429,665,
430,482,24.0
431,1021,
432,610,
433,44,77.8
434,385,28.6
435,825,
436,508,23.0
437,423,26.7
438,347,31.5
439,206,45.0
440,998,
441,149,51.7
442,853,
443,292,35.7
444,97,60.9
445,455,25.5
446,719,
447,1161,
448,125,55.0
449,153,50.9
450,397,28.1
451,1061,
452,480,24.2
453,1374,
454,190,46.8
455,935,
456,286,36.1
457,139,52.5
458,504,23.1
459,203,45.2
460,86,62.8
461,176,48.7
462,503,23.2
463,770,
464,88,62.2
465,934,
466,298,34.9
467,651,
468,1008,
469,90,61.8
470,116,57.1
471,756,
472,365,30.3
473,1137,
474,173,48.8
475,113,58.0
476,344,31.9
477,263,38.0
478,458,25.2
479,600,19.8
480,29,84.3
481,432,26.2
482,621,
483,693,
484,1044,
485,792,
486,1130,
487,316,33.4
488,253,39.0
489,308,33.9
490,842,
491,970,
492,129,54.2
493,816,
494,489,23.7
495,1107,
496,1073,
497,1149,
498,487,24.0
499,1043,
500,1259,
501,165,49.7
502,157,50.5
503,1208,
504,862,
505,179,48.5
506,1094,
507,1100,
508,1402,
509,874,
510,765,
511,67,68.6
512,195,46.6
513,194,46.7
514,388,28.3
515,1065,
516,1104,
517,497,23.4
518,1111,
519,270,37.5
520,438,26.0
521,126,55.0
522,624,
523,259,38.6
524,224,42.4
525,220,42.7
526,108,58.8
527,598,19.9
528,486,23.9
529,979,
530,115,57.2
531,1118,
532,79,64.7
533,443,25.9
534,1030,
535,744,
536,425,26.7
537,322,33.2
538,884,
539,186,47.6
540,20,86.7
541,1115,
542,1394,
543,1192,
544,73,66.4
545,273,37.3
546,51,74.3
547,306,34.0
548,183,47.9
549,363,30.6
550,890,
551,820,
552,992,
553,892,
554,370,30.0
555,168,49.4
556,52,73.7
557,258,38.7
558,821,
559,227,41.9
560,182,48.0
561,625,
562,1018,
563,375,29.7
564,1343,
565,647,
566,692,
567,340,32.2
568,255,38.8
569,28,84.5
570,312,33.8
571,198,46.1
572,716,
573,400,28.0
574,677,
575,928,
576,1237,
577,847,
578,1252,
579,537,22.0
580,242,40.3
581,605,
582,1078,
583,738,
584,903,
585,1069,
586,401,27.9
587,1462,
588,813,
589,66,68.7
590,80,63.9
591,1390,
592,240,40.6
593,712,
594,107,58.8
595,275,37.1
596,408,27.4
597,1400,
598,359,30.8
599,1287,
600,704,
601,637,
602,499,23.4
603,305,34.3
604,364,30.6
605,268,37.5
606,453,25.6
607,661,
608,1203,
609,614,
610,380,29.4
611,450,25.7
612,766,
613,418,27.0
614,877,
615,1284,
616,743,
617,965,
618,1066,
619,406,27.6
620,161,50.2
621,337,32.2
622,523,22.6
623,863,
624,917,
625,1267,
626,1035,
627,210,44.4
628,544,21.7
629,1461,
630,366,30.3
631,132,53.7
632,465,24.9
633,1469,
634,592,20.0
635,839,
636,688,
637,301,34.6
638,918,
639,1031,
640,1080,
641,170,48.9
642,783,
643,237,40.9
644,1397,
645,664,
646,234,41.3
647,1120,
648,81,63.5
649,46,76.3
650,84,63.0
651,639,
652,674,
653,154,50.5
654,972,
655,150,51.7
656,808,
657,962,
658,1076,
659,1351,
660,1472,
661,36,80.4
662,1361,
663,778,
664,187,47.6
665,121,56.3
666,361,30.7
667,613,
668,1003,
669,131,53.7
670,1189,
671,696,
672,969,
673,435,26.2
674,954,
675,952,
676,626,
677,1167,
678,910,
679,904,
680,232,41.4
681,252,39.2
682,680,
683,679,
684,1326,
685,978,
686,500,23.2
687,761,
688,845,
689,1023,
690,633,
691,246,39.7
692,1125,
693,971,
694,431,26.3
695,77,65.2
696,1112,
697,30,83.8
698,446,25.8
699,1132,
700,906,
701,1011,
702,1399,
703,515,22.8
704,1014,
705,82,63.5
706,545,21.7
707,288,36.1
708,909,
709,483,23.9
710,543,21.8
711,942,
712,883,
713,472,24.6
714,404,27.8
715,899,
716,424,26.7
717,973,
718,24,85.8
719,989,
720,727,
721,215,43.9
722,1401,
723,552,21.4
724,100,60.4
725,326,32.8
726,4,98.3
727,119,56.7
728,464,24.9
729,534,22.1
730,897,
731,1230,
732,250,39.5
733,1215,
734,697,
735,974,
736,676,
737,835,
738,581,20.4
739,1327,
740,417,27.0
741,713,
742,516,22.7
743,98,60.8
744,848,
745,991,
746,993,
747,546,21.6
748,1356,
749,1005,
750,357,30.9
751,353,31.2
752,1214,
753,102,60.0
754,481,24.1
755,921,
756,111,58.3
757,732,
758,538,22.0
759,226,41.9
760,609,
761,533,22.1
762,189,46.9
763,470,24.7
764,822,
765,491,23.6
766,341,32.1
767,448,25.7
768,1275,
769,151,51.3
770,1463,
771,96,61.0
772,1191,
773,994,
774,645,
775,961,
776,672,
777,907,
778,880,
779,586,20.2
780,568,20.8
781,608,
782,618,
783,1092,
784,174,48.7
785,436,26.2
786,172,48.8
787,1027,
788,1194,
789,175,48.7
790,505,23.1
791,957,
792,905,
793,53,73.4
794,1002,
795,456,25.2
796,1216,
797,1349,
798,940,
799,103,59.9
800,1131,
801,181,48.0
802,319,33.3
803,914,
804,1000,
805,587,20.2
806,459,25.2
807,1384,
808,767,
809,321,33.2
810,416,27.0
811,1307,
812,718,
813,47,76.2
814,71,67.6
815,878,
816,1141,
817,300,34.7
818,162,50.1
819,640,
820,127,54.8
821,331,32.6
822,274,37.2
823,248,39.6
824,1108,
825,889,
826,539,22.0
827,372,29.9
828,864,
829,64,69.1
830,41,78.5
831,49,76.2
832,476,24.4
833,65,68.7
834,789,
835,919,
836,983,
837,329,32.6
838,895,
839,1346,
840,272,37.3
841,638,
842,949,
843,302,34.5
844,607,
845,62,70.0
846,1289,
847,671,
848,606,
849,809,
850,701,
851,1053,
852,427,26.6
853,1096,
854,1357,
855,521,22.7
856,968,
857,695,
858,667,
859,1060,
860,1165,
861,1387,
862,541,21.9
863,576,20.6
864,135,52.9
865,256,38.7
866,737,
867,844,
868,823,
869,434,26.2
870,1328,
871,1241,
872,628,
873,202,45.8
874,271,37.4
875,1373,
876,466,24.8
877,1068,
878,468,24.7
879,1016,
880,819,
881,702,
882,371,30.0
883,779,
884,528,22.3
885,155,50.5
886,355,31.0
887,525,22.5
888,163,50.0
889,828,
890,1122,
891,1272,
892,700,
893,134,52.9
894,1093,
895,547,21.5
896,849,
897,396,28.2
898,1240,
899,87,62.2
900,866,
901,830,
902,54,72.5
903,1265,
904,678,
905,403,27.9
906,595,19.9
907,1451,
908,45,76.9
909,257,38.7
910,320,33.2
911,1058,
912,1089,
913,1350,
914,488,23.8
915,207,44.9
916,931,
917,690,
918,644,
919,332,32.6
920,710,
921,343,32.0
922,758,
923,1029,
924,728,
925,309,33.9
926,43,78.1
927,861,
928,1308,
929,750,
930,144,52.0
931,222,42.5
932,281,36.6
933,555,21.3
934,1082,
935,391,28.3
936,398,28.1
937,440,26.0
938,1062,
939,740,
940,512,22.9
941,1281,
942,617,
943,801,
944,492,23.6
945,548,21.5
946,318,33.4
947,945,
948,636,
949,741,
950,290,35.9
951,563,21.0
952,124,55.2
953,768,
954,781,
955,251,39.3
956,171,48.9
957,663,
958,1127,
959,831,
960,836,
961,793,
962,685,
963,348,31.4
964,666,
965,479,24.3
966,958,
967,118,56.8
968,698,
969,439,26.0
970,265,37.9
971,335,32.4
972,225,42.1
973,1362,
974,429,26.4
975,386,28.6
976,291,35.8
977,352,31.2
978,870,
979,26,84.5
980,976,
981,751,
982,925,
983,1448,
984,553,21.3
985,42,78.2
986,378,29.5
987,1136,
988,1403,
989,444,25.9
990,511,22.9
991,754,
992,703,
993,285,36.1
994,596,19.9
995,112,58.1
996,284,36.2
997,860,
998,966,
999,351,31.3
1000,769,
1001,282,36.6
1002,635,
1003,1079,
1004,893,
1005,295,35.4
1006,383,29.0
1007,358,30.9
1008,570,20.8
1009,590,20.1
1010,1142,
1011,858,
1012,953,
1013,299,34.8
1014,572,20.7
1015,507,23.0
1016,120,56.4
1017,188,47.3
1018,501,23.2
1019,1313,
1020,948,
1021,593,20.0
1022,888,
1023,1207,
1024,662,
1025,760,
1026,585,20.3
1027,646,
1028,797,
1029,410,27.3
1030,1199,
1031,1292,
1032,891,
1033,244,39.9
1034,74,66.4
1035,748,
1036,441,26.0
1037,160,50.2
1038,805,
1039,615,
1040,12,89.4
1041,1364,
1042,956,
1043,684,
1044,1175,
1045,1395,
1046,267,37.7
1047,7,93.3
1048,449,25.7
1049,1088,
1050,1022,
1051,68,68.0
1052,219,43.0
1053,1155,
1054,231,41.6
1055,1369,
1056,556,21.3
1057,1197,
1058,694,
1059,1235,
1060,169,49.1
1061,549,21.5
1062,599,19.8
1063,550,21.4
1064,324,32.8
1065,757,
1066,886,
1067,729,
1068,1334,
1069,763,
1070,930,
1071,89,62.0
1072,303,34.5
1073,63,69.2
1074,565,20.9
1075,932,
1076,94,61.4
1077,229,41.7
1078,655,
1079,810,
1080,1041,
1081,759,
1082,493,23.5
1083,462,25.0
1084,832,
1085,356,30.9
1086,327,32.7
1087,22,86.1
1088,389,28.3
1089,777,
1090,594,19.9
1091,221,42.7
1092,61,70.1
1093,1210,
1094,76,65.2
1095,867,
1096,294,35.6
1097,526,22.5
1098,390,28.3
1099,578,20.5
1100,146,51.9
1101,1184,
1102,699,
1103,739,
1104,192,46.8
1105,571,20.8
1106,875,
1107,941,
1108,136,52.7
1109,204,45.2
1110,527,22.4
1111,471,24.6
1112,686,
1113,1342,
1114,1038,
1115,1205,
1116,558,21.1
1117,452,25.7
1118,75,65.5
1119,657,
1120,314,33.5
1121,589,20.1
1122,83,63.1
1123,34,81.5
1124,975,
1125,911,
1126,573,20.7
1127,532,22.1
1128,128,54.8
1129,16,87.7
1130,721,
1131,1084,
1132,1345,
1133,200,45.9
1134,442,25.9
1135,691,
1136,939,
1137,1360,
1138,214,44.0
1139,373,29.9
1140,350,31.3
1141,1024,
1142,415,27.1
1143,602,19.8
1144,101,60.4
1145,707,
1146,887,
1147,1408,
